{
  "display_name": "Base Commander",
  "description": "Base Commander Description - If you're seeing this, something is wrong in your commander.",
  "si_name": "commander",
  "display_group": 99,
  "display_index": 99,
  "max_health": 12500,
  "build_metal_cost": 25000,
  "buildable_types": "CmdBuild",
  "show_in_orbital_layer": true,
  "attachable": {
    "offsets": {
      "root": [
        0,
        0,
        0
      ],
      "head": [
        0,
        0,
        10
      ]
    }
  },
  "production": {
    "energy": 1000,
    "metal": 10
  },
  "storage": {
    "energy": 20000,
    "metal": 1000
  },
  "unit_types": [
    "UNITTYPE_Commander",
    "UNITTYPE_Construction",
    "UNITTYPE_Mobile",
    "UNITTYPE_Land",
    "UNITTYPE_NoBuild"
  ],
  "command_caps": [
    "ORDER_Move",
    "ORDER_Patrol",
    "ORDER_Build",
    "ORDER_Attack",
    "ORDER_Reclaim",
    "ORDER_Repair",
    "ORDER_Assist",
    "ORDER_Use",
    "ORDER_FireSecondaryWeapon"
  ],
  "transportable": {
    "size": 1
  },
  "navigation": {
    "type": "amphibious",
    "acceleration": 60,
    "brake": 60,
    "move_speed": 6,
    "turn_speed": 90,
    "turn_in_place": false
  },
  "physics": {
    "radius": 9,
    "push_class": 100
  },
  "recon": {
    "observer": {
      "items": [
        {
          "layer": "surface_and_air",
          "channel": "sight",
          "shape": "capsule",
          "radius": 150
        }
      ]
    }
  },
  "teleportable": {},
  "tools": [
    {
      "spec_id": "/pa/tools/commander_build_arm/commander_build_arm.json",
      "aim_bone": "bone_turret"
    },
    {
      "spec_id": "/pa/units/commanders/base_commander/base_commander_tool_weapon.json",
      "aim_bone": "bone_turret",
      "muzzle_bone": "socket_rightMuzzle"
    },
    {
      "spec_id": "/pa/tools/uber_cannon/uber_cannon.json",
      "aim_bone": "bone_turret",
      "muzzle_bone": "socket_rightMuzzle"
    },
    {
      "spec_id": "/pa/tools/commander_death/commander_death.json",
      "death_weapon": true
    }
  ],
  "events": {
    "firing": {
      "audio_cue": "/SE/Weapons/commander/Commander_uber_what",
      "effect_spec": "/pa/effects/specs/default_muzzle_flash.pfx socket_rightMuzzle"
    }
  },
  "fx_offsets": [
    {
      "type": "build",
      "filename": "/pa/effects/specs/fab_spray.pfx",
      "bone": "socket_leftMuzzle"
    }
  ],
  "audio": {
    "loops": {
      "build": {
        "cue": "/SE/Construction/Commander_contruction_beam_loop",
        "flag": "build_target_changed",
        "should_start_func": "has_build_target",
        "should_stop_func": "no_build_target"
      },
      "move": {
        "cue": "/SE/Movement/commander/Commander_move_loop",
        "flag": "vel_changed",
        "should_start_func": "is_moving",
        "should_stop_func": "is_not_moving"
      }
    }
  },
  "headlights": [
    {
      "gobo": "/pa/effects/textures/gobo/spotlight_gobo.papa",
      "offset": [
        0.0,
        -1.7,
        1.9
      ],
      "orientation": [
        0.0,
        45.0,
        0.0
      ],
      "near_width": 5.0,
      "near_height": 5.0,
      "near_distance": 3.0,
      "far_distance": 30.0,
      "color": [
        1.0,
        1.0,
        1.0
      ],
      "intensity": 6.0,
      "bone": "bone_spine",
      "shadow_resolution": 128
    }
  ],
  "lamps": [
    {
      "offset": [
        0.0,
        -1.7,
        1.9
      ],
      "radius": 2.0,
      "color": [
        1.0,
        1.0,
        1.0
      ],
      "intensity": 5.0,
      "bone": "bone_spine"
    },
    {
      "offset": [
        0.07,
        -3.85,
        0.2
      ],
      "radius": 4.0,
      "color": [
        0.4,
        1.0,
        0.01
      ],
      "intensity": 2.0,
      "bone": "bone_leftElbow"
    }
  ],
  "fx_offsets": [
    {
      "type": "idle",
      "filename": "/pa/units/land/energy_plant/energy_plant_idle.pfx",
      "offset": [
        0,
        0,
        5
      ]
    }
  ]
}