{
    "context": "client",
    "identifier": "com.pa.someonewhoisnobody.flashingCom",
    "display_name": "Flashing Commanders",
    "description": "Makes all comanders have the energy plant light effect",
    "author": "someonewhoisnobody",
    "version": "1.1",
    "build": "61450",
    "date": "2014/2/20",
    "signature": "not yet implemented",
    "forum": "https://forums.uberent.com/threads/rel-flashing-commanders.56696/",
    "category": [
        "in-game"
    ],
    "id": "flashingCom",
    "priority": 100,
    "live_game": [
        "coui://pa/units/commanders/base_commander/base_commander.json",
        "coui://pa/units/commanders/imperial_base/imperial_base.json"
    ]
    "enabled": true
}